time,data
1,1.24306e+70
2,4.97223e+70
3,1.11875e+71
4,1.98889e+71
5,3.10764e+71
6,4.475e+71
7,6.09098e+71
8,7.95556e+71
9,1.00688e+72
10,1.24306e+72
11,1.5041e+72
12,1.79e+72
13,2.10077e+72
14,2.43639e+72
15,2.79688e+72
16,3.18222e+72
17,3.59243e+72
18,4.0275e+72
19,4.48743e+72
20,4.97223e+72
21,5.48188e+72
22,6.01639e+72
23,6.57577e+72
24,7.16001e+72
25,7.7691e+72
26,8.40306e+72
27,9.06188e+72
28,9.74556e+72
29,1.04541e+73
30,1.11875e+73
31,1.19458e+73
32,1.27289e+73
33,1.35369e+73
34,1.43697e+73
35,1.52274e+73
36,1.611e+73
37,1.70174e+73
38,1.79497e+73
39,1.89069e+73
40,1.98889e+73
41,2.08958e+73
42,2.19275e+73
43,2.29841e+73
44,2.40656e+73
45,2.51719e+73
46,2.63031e+73
47,2.74591e+73
48,2.864e+73
49,2.98458e+73
50,3.10764e+73
51,3.23319e+73
52,3.36122e+73
53,3.49175e+73
54,3.62475e+73
55,3.76025e+73
56,3.89823e+73
57,4.03869e+73
58,4.18164e+73
59,4.32708e+73
60,4.475e+73
61,4.62541e+73
62,4.77831e+73
63,4.93369e+73
64,5.09156e+73
65,5.25191e+73
66,5.41475e+73
67,5.58008e+73
68,5.74789e+73
69,5.91819e+73
70,6.09098e+73
71,6.26625e+73
72,6.44401e+73
73,6.62425e+73
74,6.80698e+73
75,6.99219e+73
76,7.17989e+73
77,7.37008e+73
78,7.56276e+73
79,7.75792e+73
80,7.95556e+73
81,8.15569e+73
82,8.35831e+73
83,8.56342e+73
84,8.77101e+73
85,8.98108e+73
86,9.19365e+73
87,9.40869e+73
88,9.62623e+73
89,9.84625e+73
90,1.00688e+74
91,1.02938e+74
92,1.05212e+74
93,1.07512e+74
94,1.09836e+74
95,1.12186e+74
96,1.1456e+74
97,1.16959e+74
98,1.19383e+74
99,1.21832e+74
100,1.24306e+74
101,1.26804e+74
102,1.29328e+74
103,1.31876e+74
104,1.34449e+74
105,1.37047e+74
106,1.3967e+74
107,1.42318e+74
108,1.4499e+74
109,1.47688e+74
110,1.5041e+74
111,1.53157e+74
112,1.55929e+74
113,1.58726e+74
114,1.61548e+74
115,1.64394e+74
116,1.67266e+74
117,1.70162e+74
118,1.73083e+74
119,1.76029e+74
120,1.79e+74
121,1.81996e+74
122,1.85017e+74
123,1.88062e+74
124,1.91132e+74
125,1.94228e+74
126,1.97348e+74
127,2.00493e+74
128,2.03662e+74
129,2.06857e+74
130,2.10077e+74
131,2.13321e+74
132,2.1659e+74
133,2.19884e+74
134,2.23203e+74
135,2.26547e+74
136,2.29916e+74
137,2.33309e+74
138,2.36728e+74
139,2.40171e+74
140,2.43639e+74
141,2.47132e+74
142,2.5065e+74
143,2.54193e+74
144,2.5776e+74
145,2.61353e+74
146,2.6497e+74
147,2.68612e+74
148,2.72279e+74
149,2.75971e+74
150,2.79688e+74
151,2.83429e+74
152,2.87196e+74
153,2.90987e+74
154,2.94803e+74
155,2.98644e+74
156,3.0251e+74
157,3.06401e+74
158,3.10317e+74
159,3.14257e+74
160,3.18222e+74
161,3.22213e+74
162,3.26228e+74
163,3.30268e+74
164,3.34332e+74
165,3.38422e+74
166,3.42537e+74
167,3.46676e+74
168,3.5084e+74
169,3.55029e+74
170,3.59243e+74
171,3.63482e+74
172,3.67746e+74
173,3.72034e+74
174,3.76348e+74
175,3.80686e+74
176,3.85049e+74
177,3.89437e+74
178,3.9385e+74
179,3.98288e+74
180,4.0275e+74
181,4.07238e+74
182,4.1175e+74
183,4.16287e+74
184,4.20849e+74
185,4.25436e+74
186,4.30048e+74
187,4.34684e+74
188,4.39346e+74
189,4.44032e+74
190,4.48743e+74
191,4.53479e+74
192,4.5824e+74
193,4.63026e+74
194,4.67837e+74
195,4.72672e+74
196,4.77533e+74
197,4.82418e+74
198,4.87328e+74
199,4.92263e+74
200,4.97223e+74
201,5.02207e+74
202,5.07217e+74
203,5.12251e+74
204,5.1731e+74
205,5.22395e+74
206,5.27503e+74
207,5.32637e+74
208,5.37796e+74
209,5.4298e+74
210,5.48188e+74
211,5.53421e+74
212,5.58679e+74
213,5.63962e+74
214,5.6927e+74
215,5.74603e+74
216,5.7996e+74
217,5.85343e+74
218,5.9075e+74
219,5.96182e+74
220,6.01639e+74
221,6.07121e+74
222,6.12628e+74
223,6.1816e+74
224,6.23716e+74
225,6.29297e+74
226,6.34904e+74
227,6.40535e+74
228,6.46191e+74
229,6.51871e+74
230,6.57577e+74
231,6.63307e+74
232,6.69063e+74
233,6.74843e+74
234,6.80648e+74
235,6.86478e+74
236,6.92333e+74
237,6.98212e+74
238,7.04117e+74
239,7.10046e+74
240,7.16001e+74
241,7.2198e+74
242,7.27984e+74
243,7.34012e+74
244,7.40066e+74
245,7.46145e+74
246,7.52248e+74
247,7.58376e+74
248,7.64529e+74
249,7.70707e+74
250,7.7691e+74
251,7.83138e+74
252,7.89391e+74
253,7.95668e+74
254,8.0197e+74
255,8.08298e+74
256,8.1465e+74
257,8.21026e+74
258,8.27428e+74
259,8.33855e+74
260,8.40306e+74
261,8.46783e+74
262,8.53284e+74
263,8.5981e+74
264,8.66361e+74
265,8.72936e+74
266,8.79537e+74
267,8.86163e+74
268,8.92813e+74
269,8.99488e+74
270,9.06188e+74
271,9.12913e+74
272,9.19663e+74
273,9.26438e+74
274,9.33237e+74
275,9.40062e+74
276,9.46911e+74
277,9.53785e+74
278,9.60684e+74
279,9.67608e+74
280,9.74556e+74
281,9.8153e+74
282,9.88528e+74
283,9.95552e+74
284,1.0026e+75
285,1.00967e+75
286,1.01677e+75
287,1.02389e+75
288,1.03104e+75
289,1.03821e+75
290,1.04541e+75
291,1.05263e+75
292,1.05988e+75
293,1.06715e+75
294,1.07445e+75
295,1.08177e+75
296,1.08912e+75
297,1.09649e+75
298,1.10388e+75
299,1.1113e+75
300,1.11875e+75
301,1.12622e+75
302,1.13372e+75
303,1.14124e+75
304,1.14878e+75
305,1.15635e+75
306,1.16395e+75
307,1.17157e+75
308,1.17921e+75
309,1.18688e+75
310,1.19458e+75
311,1.2023e+75
312,1.21004e+75
313,1.21781e+75
314,1.2256e+75
315,1.23342e+75
316,1.24127e+75
317,1.24914e+75
318,1.25703e+75
319,1.26495e+75
320,1.27289e+75
321,1.28086e+75
322,1.28885e+75
323,1.29687e+75
324,1.30491e+75
325,1.31298e+75
326,1.32107e+75
327,1.32919e+75
328,1.33733e+75
329,1.3455e+75
330,1.35369e+75
331,1.36191e+75
332,1.37015e+75
333,1.37841e+75
334,1.3867e+75
335,1.39502e+75
336,1.40336e+75
337,1.41173e+75
338,1.42012e+75
339,1.42853e+75
340,1.43697e+75
341,1.44544e+75
342,1.45393e+75
343,1.46244e+75
344,1.47098e+75
345,1.47955e+75
346,1.48814e+75
347,1.49675e+75
348,1.50539e+75
349,1.51406e+75
350,1.52274e+75
351,1.53146e+75
352,1.5402e+75
353,1.54896e+75
354,1.55775e+75
355,1.56656e+75
356,1.5754e+75
357,1.58426e+75
358,1.59315e+75
359,1.60206e+75
360,1.611e+75
361,1.61996e+75
362,1.62895e+75
363,1.63796e+75
364,1.647e+75
365,1.65606e+75
366,1.66515e+75
367,1.67426e+75
368,1.6834e+75
369,1.69256e+75
370,1.70174e+75
371,1.71096e+75
372,1.72019e+75
373,1.72945e+75
374,1.73874e+75
375,1.74805e+75
376,1.75738e+75
377,1.76674e+75
378,1.77613e+75
379,1.78554e+75
380,1.79497e+75
381,1.80443e+75
382,1.81392e+75
383,1.82343e+75
384,1.83296e+75
385,1.84252e+75
386,1.8521e+75
387,1.86171e+75
388,1.87135e+75
389,1.88101e+75
390,1.89069e+75
391,1.9004e+75
392,1.91013e+75
393,1.91989e+75
394,1.92967e+75
395,1.93948e+75
396,1.94931e+75
397,1.95917e+75
398,1.96905e+75
399,1.97896e+75
400,1.98889e+75
401,1.99885e+75
402,2.00883e+75
403,2.01884e+75
404,2.02887e+75
405,2.03892e+75
406,2.049e+75
407,2.05911e+75
408,2.06924e+75
409,2.0794e+75
410,2.08958e+75
411,2.09978e+75
412,2.11001e+75
413,2.12027e+75
414,2.13055e+75
415,2.14085e+75
416,2.15118e+75
417,2.16154e+75
418,2.17192e+75
419,2.18232e+75
420,2.19275e+75
421,2.20321e+75
422,2.21368e+75
423,2.22419e+75
424,2.23472e+75
425,2.24527e+75
426,2.25585e+75
427,2.26645e+75
428,2.27708e+75
429,2.28773e+75
430,2.29841e+75
431,2.30911e+75
432,2.31984e+75
433,2.33059e+75
434,2.34137e+75
435,2.35217e+75
436,2.363e+75
437,2.37385e+75
438,2.38473e+75
439,2.39563e+75
440,2.40656e+75
441,2.41751e+75
442,2.42848e+75
443,2.43949e+75
444,2.45051e+75
445,2.46156e+75
446,2.47264e+75
447,2.48374e+75
448,2.49486e+75
449,2.50601e+75
450,2.51719e+75
451,2.52839e+75
452,2.53961e+75
453,2.55086e+75
454,2.56214e+75
455,2.57344e+75
456,2.58476e+75
457,2.59611e+75
458,2.60749e+75
459,2.61888e+75
460,2.63031e+75
461,2.64176e+75
462,2.65323e+75
463,2.66473e+75
464,2.67625e+75
465,2.6878e+75
466,2.69937e+75
467,2.71097e+75
468,2.72259e+75
469,2.73424e+75
470,2.74591e+75
471,2.75761e+75
472,2.76933e+75
473,2.78108e+75
474,2.79285e+75
475,2.80465e+75
476,2.81647e+75
477,2.82831e+75
478,2.84019e+75
479,2.85208e+75
480,2.864e+75
481,2.87595e+75
482,2.88792e+75
483,2.89991e+75
484,2.91193e+75
485,2.92398e+75
486,2.93605e+75
487,2.94814e+75
488,2.96026e+75
489,2.97241e+75
490,2.98458e+75
491,2.99677e+75
492,3.00899e+75
493,3.02124e+75
494,3.03351e+75
495,3.0458e+75
496,3.05812e+75
497,3.07046e+75
498,3.08283e+75
499,3.09522e+75
500,3.10764e+75
501,3.12008e+75
502,3.13255e+75
503,3.14504e+75
504,3.15756e+75
505,3.1701e+75
506,3.18267e+75
507,3.19526e+75
508,3.20788e+75
509,3.22052e+75
510,3.23319e+75
511,3.24588e+75
512,3.2586e+75
513,3.27134e+75
514,3.28411e+75
515,3.2969e+75
516,3.30971e+75
517,3.32255e+75
518,3.33542e+75
519,3.34831e+75
520,3.36122e+75
521,3.37417e+75
522,3.38713e+75
523,3.40012e+75
524,3.41313e+75
525,3.42617e+75
526,3.43924e+75
527,3.45233e+75
528,3.46544e+75
529,3.47858e+75
530,3.49175e+75
531,3.50493e+75
532,3.51815e+75
533,3.53139e+75
534,3.54465e+75
535,3.55794e+75
536,3.57125e+75
537,3.58459e+75
538,3.59795e+75
539,3.61134e+75
540,3.62475e+75
541,3.63819e+75
542,3.65165e+75
543,3.66514e+75
544,3.67865e+75
545,3.69219e+75
546,3.70575e+75
547,3.71934e+75
548,3.73295e+75
549,3.74658e+75
550,3.76025e+75
551,3.77393e+75
552,3.78764e+75
553,3.80138e+75
554,3.81514e+75
555,3.82892e+75
556,3.84274e+75
557,3.85657e+75
558,3.87043e+75
559,3.88432e+75
560,3.89823e+75
561,3.91216e+75
562,3.92612e+75
563,3.9401e+75
564,3.95411e+75
565,3.96815e+75
566,3.98221e+75
567,3.99629e+75
568,4.0104e+75
569,4.02453e+75
570,4.03869e+75
571,4.05287e+75
572,4.06708e+75
573,4.08132e+75
574,4.09557e+75
575,4.10986e+75
576,4.12416e+75
577,4.1385e+75
578,4.15285e+75
579,4.16724e+75
580,4.18164e+75
581,4.19607e+75
582,4.21053e+75
583,4.22501e+75
584,4.23952e+75
585,4.25405e+75
586,4.26861e+75
587,4.28319e+75
588,4.29779e+75
589,4.31242e+75
590,4.32708e+75
591,4.34176e+75
592,4.35647e+75
593,4.3712e+75
594,4.38595e+75
595,4.40073e+75
596,4.41554e+75
597,4.43037e+75
598,4.44522e+75
599,4.4601e+75
600,4.475e+75
601,4.48993e+75
602,4.50489e+75
603,4.51987e+75
604,4.53487e+75
605,4.5499e+75
606,4.56495e+75
607,4.58003e+75
608,4.59513e+75
609,4.61026e+75
610,4.62541e+75
611,4.64059e+75
612,4.65579e+75
613,4.67102e+75
614,4.68627e+75
615,4.70155e+75
616,4.71685e+75
617,4.73218e+75
618,4.74753e+75
619,4.76291e+75
620,4.77831e+75
621,4.79374e+75
622,4.80919e+75
623,4.82466e+75
624,4.84016e+75
625,4.85569e+75
626,4.87124e+75
627,4.88682e+75
628,4.90242e+75
629,4.91804e+75
630,4.93369e+75
631,4.94937e+75
632,4.96507e+75
633,4.98079e+75
634,4.99654e+75
635,5.01231e+75
636,5.02811e+75
637,5.04394e+75
638,5.05979e+75
639,5.07566e+75
640,5.09156e+75
641,5.10748e+75
642,5.12343e+75
643,5.1394e+75
644,5.1554e+75
645,5.17143e+75
646,5.18747e+75
647,5.20355e+75
648,5.21964e+75
649,5.23577e+75
650,5.25191e+75
651,5.26809e+75
652,5.28428e+75
653,5.3005e+75
654,5.31675e+75
655,5.33302e+75
656,5.34932e+75
657,5.36564e+75
658,5.38199e+75
659,5.39836e+75
660,5.41475e+75
661,5.43118e+75
662,5.44762e+75
663,5.46409e+75
664,5.48059e+75
665,5.49711e+75
666,5.51365e+75
667,5.53022e+75
668,5.54682e+75
669,5.56344e+75
670,5.58008e+75
671,5.59675e+75
672,5.61344e+75
673,5.63016e+75
674,5.64691e+75
675,5.66368e+75
676,5.68047e+75
677,5.69729e+75
678,5.71413e+75
679,5.731e+75
680,5.74789e+75
681,5.76481e+75
682,5.78175e+75
683,5.79872e+75
684,5.81571e+75
685,5.83273e+75
686,5.84977e+75
687,5.86684e+75
688,5.88393e+75
689,5.90105e+75
690,5.91819e+75
691,5.93536e+75
692,5.95255e+75
693,5.96977e+75
694,5.98701e+75
695,6.00427e+75
696,6.02156e+75
697,6.03888e+75
698,6.05622e+75
699,6.07359e+75
700,6.09098e+75
701,6.10839e+75
702,6.12583e+75
703,6.1433e+75
704,6.16079e+75
705,6.1783e+75
706,6.19584e+75
707,6.21341e+75
708,6.23099e+75
709,6.24861e+75
710,6.26625e+75
711,6.28391e+75
712,6.3016e+75
713,6.31931e+75
714,6.33705e+75
715,6.35482e+75
716,6.3726e+75
717,6.39042e+75
718,6.40825e+75
719,6.42612e+75
720,6.44401e+75
721,6.46192e+75
722,6.47985e+75
723,6.49782e+75
724,6.5158e+75
725,6.53382e+75
726,6.55185e+75
727,6.56991e+75
728,6.588e+75
729,6.60611e+75
730,6.62425e+75
731,6.64241e+75
732,6.6606e+75
733,6.67881e+75
734,6.69704e+75
735,6.7153e+75
736,6.73359e+75
737,6.7519e+75
738,6.77023e+75
739,6.78859e+75
740,6.80698e+75
741,6.82539e+75
742,6.84382e+75
743,6.86228e+75
744,6.88077e+75
745,6.89927e+75
746,6.91781e+75
747,6.93637e+75
748,6.95495e+75
749,6.97356e+75
750,6.99219e+75
751,7.01085e+75
752,7.02953e+75
753,7.04824e+75
754,7.06698e+75
755,7.08573e+75
756,7.10452e+75
757,7.12332e+75
758,7.14216e+75
759,7.16101e+75
760,7.17989e+75
761,7.1988e+75
762,7.21773e+75
763,7.23669e+75
764,7.25567e+75
765,7.27468e+75
766,7.29371e+75
767,7.31276e+75
768,7.33185e+75
769,7.35095e+75
770,7.37008e+75
771,7.38924e+75
772,7.40842e+75
773,7.42762e+75
774,7.44685e+75
775,7.46611e+75
776,7.48539e+75
777,7.50469e+75
778,7.52402e+75
779,7.54338e+75
780,7.56276e+75
781,7.58216e+75
782,7.60159e+75
783,7.62104e+75
784,7.64052e+75
785,7.66003e+75
786,7.67955e+75
787,7.69911e+75
788,7.71868e+75
789,7.73829e+75
790,7.75792e+75
791,7.77757e+75
792,7.79725e+75
793,7.81695e+75
794,7.83668e+75
795,7.85643e+75
796,7.87621e+75
797,7.89601e+75
798,7.91583e+75
799,7.93569e+75
800,7.95556e+75
801,7.97546e+75
802,7.99539e+75
803,8.01534e+75
804,8.03532e+75
805,8.05532e+75
806,8.07534e+75
807,8.09539e+75
808,8.11547e+75
809,8.13557e+75
810,8.15569e+75
811,8.17584e+75
812,8.19602e+75
813,8.21622e+75
814,8.23644e+75
815,8.25669e+75
816,8.27697e+75
817,8.29727e+75
818,8.31759e+75
819,8.33794e+75
820,8.35831e+75
821,8.37871e+75
822,8.39913e+75
823,8.41958e+75
824,8.44006e+75
825,8.46055e+75
826,8.48108e+75
827,8.50162e+75
828,8.5222e+75
829,8.54279e+75
830,8.56342e+75
831,8.58406e+75
832,8.60474e+75
833,8.62543e+75
834,8.64615e+75
835,8.6669e+75
836,8.68767e+75
837,8.70847e+75
838,8.72929e+75
839,8.75014e+75
840,8.77101e+75
841,8.7919e+75
842,8.81282e+75
843,8.83377e+75
844,8.85474e+75
845,8.87573e+75
846,8.89675e+75
847,8.9178e+75
848,8.93887e+75
849,8.95996e+75
850,8.98108e+75
851,9.00223e+75
852,9.0234e+75
853,9.04459e+75
854,9.06581e+75
855,9.08705e+75
856,9.10832e+75
857,9.12962e+75
858,9.15093e+75
859,9.17228e+75
860,9.19365e+75
861,9.21504e+75
862,9.23646e+75
863,9.2579e+75
864,9.27937e+75
865,9.30086e+75
866,9.32238e+75
867,9.34392e+75
868,9.36549e+75
869,9.38708e+75
870,9.40869e+75
871,9.43034e+75
872,9.452e+75
873,9.47369e+75
874,9.49541e+75
875,9.51715e+75
876,9.53892e+75
877,9.56071e+75
878,9.58252e+75
879,9.60436e+75
880,9.62623e+75
881,9.64812e+75
882,9.67004e+75
883,9.69198e+75
884,9.71394e+75
885,9.73593e+75
886,9.75794e+75
887,9.77998e+75
888,9.80205e+75
889,9.82414e+75
890,9.84625e+75
891,9.86839e+75
892,9.89055e+75
893,9.91274e+75
894,9.93496e+75
895,9.95719e+75
896,9.97946e+75
897,1.00017e+76
898,1.00241e+76
899,1.00464e+76
900,1.00688e+76
901,1.00911e+76
902,1.01136e+76
903,1.0136e+76
904,1.01585e+76
905,1.01809e+76
906,1.02035e+76
907,1.0226e+76
908,1.02486e+76
909,1.02711e+76
910,1.02938e+76
911,1.03164e+76
912,1.0339e+76
913,1.03617e+76
914,1.03844e+76
915,1.04072e+76
916,1.04299e+76
917,1.04527e+76
918,1.04755e+76
919,1.04984e+76
920,1.05212e+76
921,1.05441e+76
922,1.0567e+76
923,1.059e+76
924,1.06129e+76
925,1.06359e+76
926,1.06589e+76
927,1.06819e+76
928,1.0705e+76
929,1.07281e+76
930,1.07512e+76
931,1.07743e+76
932,1.07975e+76
933,1.08207e+76
934,1.08439e+76
935,1.08671e+76
936,1.08904e+76
937,1.09137e+76
938,1.0937e+76
939,1.09603e+76
940,1.09836e+76
941,1.1007e+76
942,1.10304e+76
943,1.10539e+76
944,1.10773e+76
945,1.11008e+76
946,1.11243e+76
947,1.11478e+76
948,1.11714e+76
949,1.1195e+76
950,1.12186e+76
951,1.12422e+76
952,1.12659e+76
953,1.12896e+76
954,1.13133e+76
955,1.1337e+76
956,1.13607e+76
957,1.13845e+76
958,1.14083e+76
959,1.14322e+76
960,1.1456e+76
961,1.14799e+76
962,1.15038e+76
963,1.15277e+76
964,1.15517e+76
965,1.15757e+76
966,1.15997e+76
967,1.16237e+76
968,1.16477e+76
969,1.16718e+76
970,1.16959e+76
971,1.172e+76
972,1.17442e+76
973,1.17684e+76
974,1.17926e+76
975,1.18168e+76
976,1.18411e+76
977,1.18653e+76
978,1.18896e+76
979,1.1914e+76
980,1.19383e+76
981,1.19627e+76
982,1.19871e+76
983,1.20115e+76
984,1.2036e+76
985,1.20604e+76
986,1.20849e+76
987,1.21095e+76
988,1.2134e+76
989,1.21586e+76
990,1.21832e+76
991,1.22078e+76
992,1.22325e+76
993,1.22571e+76
994,1.22818e+76
995,1.23066e+76
996,1.23313e+76
997,1.23561e+76
998,1.23809e+76
999,1.24057e+76
1000,1.24306e+76
1001,1.24554e+76
1002,1.24803e+76
1003,1.25053e+76
1004,1.25302e+76
1005,1.25552e+76
1006,1.25802e+76
1007,1.26052e+76
1008,1.26302e+76
1009,1.26553e+76
1010,1.26804e+76
1011,1.27055e+76
1012,1.27307e+76
1013,1.27559e+76
1014,1.27811e+76
1015,1.28063e+76
1016,1.28315e+76
1017,1.28568e+76
1018,1.28821e+76
1019,1.29074e+76
1020,1.29328e+76
1021,1.29581e+76
1022,1.29835e+76
1023,1.30089e+76
1024,1.30344e+76
1025,1.30599e+76
1026,1.30854e+76
1027,1.31109e+76
1028,1.31364e+76
1029,1.3162e+76
1030,1.31876e+76
1031,1.32132e+76
1032,1.32389e+76
1033,1.32645e+76
1034,1.32902e+76
1035,1.33159e+76
1036,1.33417e+76
1037,1.33674e+76
1038,1.33932e+76
1039,1.34191e+76
1040,1.34449e+76
1041,1.34708e+76
1042,1.34967e+76
1043,1.35226e+76
1044,1.35485e+76
1045,1.35745e+76
1046,1.36005e+76
1047,1.36265e+76
1048,1.36525e+76
1049,1.36786e+76
1050,1.37047e+76
1051,1.37308e+76
1052,1.3757e+76
1053,1.37831e+76
1054,1.38093e+76
1055,1.38355e+76
1056,1.38618e+76
1057,1.3888e+76
1058,1.39143e+76
1059,1.39406e+76
1060,1.3967e+76
1061,1.39933e+76
1062,1.40197e+76
1063,1.40462e+76
1064,1.40726e+76
1065,1.40991e+76
1066,1.41255e+76
1067,1.41521e+76
1068,1.41786e+76
1069,1.42052e+76
1070,1.42318e+76
1071,1.42584e+76
1072,1.4285e+76
1073,1.43117e+76
1074,1.43384e+76
1075,1.43651e+76
1076,1.43918e+76
1077,1.44186e+76
1078,1.44454e+76
1079,1.44722e+76
1080,1.4499e+76
1081,1.45259e+76
1082,1.45528e+76
1083,1.45797e+76
1084,1.46066e+76
1085,1.46336e+76
1086,1.46606e+76
1087,1.46876e+76
1088,1.47146e+76
1089,1.47417e+76
1090,1.47688e+76
1091,1.47959e+76
1092,1.4823e+76
1093,1.48502e+76
1094,1.48773e+76
1095,1.49046e+76
1096,1.49318e+76
1097,1.49591e+76
1098,1.49863e+76
1099,1.50136e+76
1100,1.5041e+76
1101,1.50683e+76
1102,1.50957e+76
1103,1.51231e+76
1104,1.51506e+76
1105,1.5178e+76
1106,1.52055e+76
1107,1.5233e+76
1108,1.52606e+76
1109,1.52881e+76
1110,1.53157e+76
1111,1.53433e+76
1112,1.53709e+76
1113,1.53986e+76
1114,1.54263e+76
1115,1.5454e+76
1116,1.54817e+76
1117,1.55095e+76
1118,1.55373e+76
1119,1.55651e+76
1120,1.55929e+76
1121,1.56208e+76
1122,1.56486e+76
1123,1.56765e+76
1124,1.57045e+76
1125,1.57324e+76
1126,1.57604e+76
1127,1.57884e+76
1128,1.58165e+76
1129,1.58445e+76
1130,1.58726e+76
1131,1.59007e+76
1132,1.59288e+76
1133,1.5957e+76
1134,1.59852e+76
1135,1.60134e+76
1136,1.60416e+76
1137,1.60698e+76
1138,1.60981e+76
1139,1.61264e+76
1140,1.61548e+76
1141,1.61831e+76
1142,1.62115e+76
1143,1.62399e+76
1144,1.62683e+76
1145,1.62968e+76
1146,1.63253e+76
1147,1.63538e+76
1148,1.63823e+76
1149,1.64108e+76
1150,1.64394e+76
1151,1.6468e+76
1152,1.64967e+76
1153,1.65253e+76
1154,1.6554e+76
1155,1.65827e+76
1156,1.66114e+76
1157,1.66402e+76
1158,1.66689e+76
1159,1.66977e+76
1160,1.67266e+76
1161,1.67554e+76
1162,1.67843e+76
1163,1.68132e+76
1164,1.68421e+76
1165,1.68711e+76
1166,1.69e+76
1167,1.69291e+76
1168,1.69581e+76
1169,1.69871e+76
1170,1.70162e+76
1171,1.70453e+76
1172,1.70744e+76
1173,1.71036e+76
1174,1.71327e+76
1175,1.71619e+76
1176,1.71912e+76
1177,1.72204e+76
1178,1.72497e+76
1179,1.7279e+76
1180,1.73083e+76
1181,1.73377e+76
1182,1.7367e+76
1183,1.73964e+76
1184,1.74259e+76
1185,1.74553e+76
1186,1.74848e+76
1187,1.75143e+76
1188,1.75438e+76
1189,1.75734e+76
1190,1.76029e+76
1191,1.76325e+76
1192,1.76621e+76
1193,1.76918e+76
1194,1.77215e+76
1195,1.77512e+76
1196,1.77809e+76
1197,1.78106e+76
1198,1.78404e+76
1199,1.78702e+76
1200,1.79e+76
1201,1.79299e+76
1202,1.79597e+76
1203,1.79896e+76
1204,1.80195e+76
1205,1.80495e+76
1206,1.80795e+76
1207,1.81095e+76
1208,1.81395e+76
1209,1.81695e+76
1210,1.81996e+76
1211,1.82297e+76
1212,1.82598e+76
1213,1.82899e+76
1214,1.83201e+76
1215,1.83503e+76
1216,1.83805e+76
1217,1.84108e+76
1218,1.8441e+76
1219,1.84713e+76
1220,1.85017e+76
1221,1.8532e+76
1222,1.85624e+76
1223,1.85928e+76
1224,1.86232e+76
1225,1.86536e+76
1226,1.86841e+76
1227,1.87146e+76
1228,1.87451e+76
1229,1.87756e+76
1230,1.88062e+76
1231,1.88368e+76
1232,1.88674e+76
1233,1.88981e+76
1234,1.89287e+76
1235,1.89594e+76
1236,1.89901e+76
1237,1.90209e+76
1238,1.90516e+76
1239,1.90824e+76
1240,1.91132e+76
1241,1.91441e+76
1242,1.91749e+76
1243,1.92058e+76
1244,1.92367e+76
1245,1.92677e+76
1246,1.92987e+76
1247,1.93296e+76
1248,1.93607e+76
1249,1.93917e+76
1250,1.94228e+76
1251,1.94538e+76
1252,1.9485e+76
1253,1.95161e+76
1254,1.95473e+76
1255,1.95785e+76
1256,1.96097e+76
1257,1.96409e+76
1258,1.96722e+76
1259,1.97035e+76
1260,1.97348e+76
1261,1.97661e+76
1262,1.97975e+76
1263,1.98289e+76
1264,1.98603e+76
1265,1.98917e+76
1266,1.99232e+76
1267,1.99546e+76
1268,1.99862e+76
1269,2.00177e+76
1270,2.00493e+76
1271,2.00808e+76
1272,2.01125e+76
1273,2.01441e+76
1274,2.01758e+76
1275,2.02074e+76
1276,2.02391e+76
1277,2.02709e+76
1278,2.03026e+76
1279,2.03344e+76
1280,2.03662e+76
1281,2.03981e+76
1282,2.04299e+76
1283,2.04618e+76
1284,2.04937e+76
1285,2.05257e+76
1286,2.05576e+76
1287,2.05896e+76
1288,2.06216e+76
1289,2.06536e+76
1290,2.06857e+76
1291,2.07178e+76
1292,2.07499e+76
1293,2.0782e+76
1294,2.08142e+76
1295,2.08464e+76
1296,2.08786e+76
1297,2.09108e+76
1298,2.09431e+76
1299,2.09753e+76
1300,2.10077e+76
1301,2.104e+76
1302,2.10723e+76
1303,2.11047e+76
1304,2.11371e+76
1305,2.11696e+76
1306,2.1202e+76
1307,2.12345e+76
1308,2.1267e+76
1309,2.12995e+76
1310,2.13321e+76
1311,2.13647e+76
1312,2.13973e+76
1313,2.14299e+76
1314,2.14626e+76
1315,2.14952e+76
1316,2.15279e+76
1317,2.15607e+76
1318,2.15934e+76
1319,2.16262e+76
1320,2.1659e+76
1321,2.16918e+76
1322,2.17247e+76
1323,2.17576e+76
1324,2.17905e+76
1325,2.18234e+76
1326,2.18564e+76
1327,2.18893e+76
1328,2.19223e+76
1329,2.19554e+76
1330,2.19884e+76
1331,2.20215e+76
1332,2.20546e+76
1333,2.20877e+76
1334,2.21209e+76
1335,2.21541e+76
1336,2.21873e+76
1337,2.22205e+76
1338,2.22537e+76
1339,2.2287e+76
1340,2.23203e+76
1341,2.23536e+76
1342,2.2387e+76
1343,2.24204e+76
1344,2.24538e+76
1345,2.24872e+76
1346,2.25207e+76
1347,2.25541e+76
1348,2.25876e+76
1349,2.26212e+76
1350,2.26547e+76
1351,2.26883e+76
1352,2.27219e+76
1353,2.27555e+76
1354,2.27892e+76
1355,2.28228e+76
1356,2.28565e+76
1357,2.28903e+76
1358,2.2924e+76
1359,2.29578e+76
1360,2.29916e+76
1361,2.30254e+76
1362,2.30592e+76
1363,2.30931e+76
1364,2.3127e+76
1365,2.31609e+76
1366,2.31949e+76
1367,2.32289e+76
1368,2.32629e+76
1369,2.32969e+76
1370,2.33309e+76
1371,2.3365e+76
1372,2.33991e+76
1373,2.34332e+76
1374,2.34674e+76
1375,2.35015e+76
1376,2.35357e+76
1377,2.357e+76
1378,2.36042e+76
1379,2.36385e+76
1380,2.36728e+76
1381,2.37071e+76
1382,2.37414e+76
1383,2.37758e+76
1384,2.38102e+76
1385,2.38446e+76
1386,2.38791e+76
1387,2.39135e+76
1388,2.3948e+76
1389,2.39826e+76
1390,2.40171e+76
1391,2.40517e+76
1392,2.40863e+76
1393,2.41209e+76
1394,2.41555e+76
1395,2.41902e+76
1396,2.42249e+76
1397,2.42596e+76
1398,2.42943e+76
1399,2.43291e+76
1400,2.43639e+76
1401,2.43987e+76
1402,2.44336e+76
1403,2.44684e+76
1404,2.45033e+76
1405,2.45382e+76
1406,2.45732e+76
1407,2.46082e+76
1408,2.46431e+76
1409,2.46782e+76
1410,2.47132e+76
1411,2.47483e+76
1412,2.47834e+76
1413,2.48185e+76
1414,2.48536e+76
1415,2.48888e+76
1416,2.4924e+76
1417,2.49592e+76
1418,2.49944e+76
1419,2.50297e+76
1420,2.5065e+76
1421,2.51003e+76
1422,2.51356e+76
1423,2.5171e+76
1424,2.52064e+76
1425,2.52418e+76
1426,2.52773e+76
1427,2.53127e+76
1428,2.53482e+76
1429,2.53837e+76
1430,2.54193e+76
1431,2.54548e+76
1432,2.54904e+76
1433,2.5526e+76
1434,2.55617e+76
1435,2.55973e+76
1436,2.5633e+76
1437,2.56687e+76
1438,2.57045e+76
1439,2.57402e+76
1440,2.5776e+76
1441,2.58118e+76
1442,2.58477e+76
1443,2.58835e+76
1444,2.59194e+76
1445,2.59553e+76
1446,2.59913e+76
1447,2.60272e+76
1448,2.60632e+76
1449,2.60992e+76
1450,2.61353e+76
1451,2.61713e+76
1452,2.62074e+76
1453,2.62435e+76
1454,2.62797e+76
1455,2.63158e+76
1456,2.6352e+76
1457,2.63882e+76
1458,2.64244e+76
1459,2.64607e+76
1460,2.6497e+76
1461,2.65333e+76
1462,2.65696e+76
1463,2.6606e+76
1464,2.66424e+76
1465,2.66788e+76
1466,2.67152e+76
1467,2.67517e+76
1468,2.67882e+76
1469,2.68247e+76
1470,2.68612e+76
1471,2.68978e+76
1472,2.69344e+76
1473,2.6971e+76
1474,2.70076e+76
1475,2.70442e+76
1476,2.70809e+76
1477,2.71176e+76
1478,2.71544e+76
1479,2.71911e+76
1480,2.72279e+76
1481,2.72647e+76
1482,2.73015e+76
1483,2.73384e+76
1484,2.73753e+76
1485,2.74122e+76
1486,2.74491e+76
1487,2.74861e+76
1488,2.75231e+76
1489,2.75601e+76
1490,2.75971e+76
1491,2.76342e+76
1492,2.76712e+76
1493,2.77083e+76
1494,2.77455e+76
1495,2.77826e+76
1496,2.78198e+76
1497,2.7857e+76
1498,2.78942e+76
1499,2.79315e+76
1500,2.79688e+76
1501,2.80061e+76
1502,2.80434e+76
1503,2.80808e+76
1504,2.81181e+76
1505,2.81555e+76
1506,2.8193e+76
1507,2.82304e+76
1508,2.82679e+76
1509,2.83054e+76
1510,2.83429e+76
1511,2.83805e+76
1512,2.84181e+76
1513,2.84557e+76
1514,2.84933e+76
1515,2.85309e+76
1516,2.85686e+76
1517,2.86063e+76
1518,2.86441e+76
1519,2.86818e+76
1520,2.87196e+76
1521,2.87574e+76
1522,2.87952e+76
1523,2.88331e+76
1524,2.88709e+76
1525,2.89088e+76
1526,2.89468e+76
1527,2.89847e+76
1528,2.90227e+76
1529,2.90607e+76
1530,2.90987e+76
1531,2.91368e+76
1532,2.91748e+76
1533,2.92129e+76
1534,2.92511e+76
1535,2.92892e+76
1536,2.93274e+76
1537,2.93656e+76
1538,2.94038e+76
1539,2.94421e+76
1540,2.94803e+76
1541,2.95186e+76
1542,2.9557e+76
1543,2.95953e+76
1544,2.96337e+76
1545,2.96721e+76
1546,2.97105e+76
1547,2.97489e+76
1548,2.97874e+76
1549,2.98259e+76
1550,2.98644e+76
1551,2.9903e+76
1552,2.99416e+76
1553,2.99801e+76
1554,3.00188e+76
1555,3.00574e+76
1556,3.00961e+76
1557,3.01348e+76
1558,3.01735e+76
1559,3.02123e+76
1560,3.0251e+76
1561,3.02898e+76
1562,3.03286e+76
1563,3.03675e+76
1564,3.04064e+76
1565,3.04453e+76
1566,3.04842e+76
1567,3.05231e+76
1568,3.05621e+76
1569,3.06011e+76
1570,3.06401e+76
1571,3.06791e+76
1572,3.07182e+76
1573,3.07573e+76
1574,3.07964e+76
1575,3.08356e+76
1576,3.08747e+76
1577,3.09139e+76
1578,3.09532e+76
1579,3.09924e+76
1580,3.10317e+76
1581,3.1071e+76
1582,3.11103e+76
1583,3.11496e+76
1584,3.1189e+76
1585,3.12284e+76
1586,3.12678e+76
1587,3.13072e+76
1588,3.13467e+76
1589,3.13862e+76
1590,3.14257e+76
1591,3.14653e+76
1592,3.15048e+76
1593,3.15444e+76
1594,3.1584e+76
1595,3.16237e+76
1596,3.16633e+76
1597,3.1703e+76
1598,3.17427e+76
1599,3.17825e+76
1600,3.18222e+76
1601,3.1862e+76
1602,3.19019e+76
1603,3.19417e+76
1604,3.19816e+76
1605,3.20214e+76
1606,3.20614e+76
1607,3.21013e+76
1608,3.21413e+76
1609,3.21813e+76
1610,3.22213e+76
1611,3.22613e+76
1612,3.23014e+76
1613,3.23415e+76
1614,3.23816e+76
1615,3.24217e+76
1616,3.24619e+76
1617,3.25021e+76
1618,3.25423e+76
1619,3.25825e+76
1620,3.26228e+76
1621,3.26631e+76
1622,3.27034e+76
1623,3.27437e+76
1624,3.27841e+76
1625,3.28245e+76
1626,3.28649e+76
1627,3.29053e+76
1628,3.29458e+76
1629,3.29863e+76
1630,3.30268e+76
1631,3.30673e+76
1632,3.31079e+76
1633,3.31485e+76
1634,3.31891e+76
1635,3.32297e+76
1636,3.32704e+76
1637,3.3311e+76
1638,3.33518e+76
1639,3.33925e+76
1640,3.34332e+76
1641,3.3474e+76
1642,3.35148e+76
1643,3.35557e+76
1644,3.35965e+76
1645,3.36374e+76
1646,3.36783e+76
1647,3.37193e+76
1648,3.37602e+76
1649,3.38012e+76
1650,3.38422e+76
1651,3.38832e+76
1652,3.39243e+76
1653,3.39654e+76
1654,3.40065e+76
1655,3.40476e+76
1656,3.40888e+76
1657,3.413e+76
1658,3.41712e+76
1659,3.42124e+76
1660,3.42537e+76
1661,3.42949e+76
1662,3.43363e+76
1663,3.43776e+76
1664,3.44189e+76
1665,3.44603e+76
1666,3.45017e+76
1667,3.45432e+76
1668,3.45846e+76
1669,3.46261e+76
1670,3.46676e+76
1671,3.47091e+76
1672,3.47507e+76
1673,3.47923e+76
1674,3.48339e+76
1675,3.48755e+76
1676,3.49172e+76
1677,3.49588e+76
1678,3.50005e+76
1679,3.50423e+76
1680,3.5084e+76
1681,3.51258e+76
1682,3.51676e+76
1683,3.52094e+76
1684,3.52513e+76
1685,3.52932e+76
1686,3.53351e+76
1687,3.5377e+76
1688,3.5419e+76
1689,3.54609e+76
1690,3.55029e+76
1691,3.5545e+76
1692,3.5587e+76
1693,3.56291e+76
1694,3.56712e+76
1695,3.57133e+76
1696,3.57555e+76
1697,3.57977e+76
1698,3.58399e+76
1699,3.58821e+76
1700,3.59243e+76
1701,3.59666e+76
1702,3.60089e+76
1703,3.60512e+76
1704,3.60936e+76
1705,3.6136e+76
1706,3.61784e+76
1707,3.62208e+76
1708,3.62632e+76
1709,3.63057e+76
1710,3.63482e+76
1711,3.63907e+76
1712,3.64333e+76
1713,3.64759e+76
1714,3.65185e+76
1715,3.65611e+76
1716,3.66037e+76
1717,3.66464e+76
1718,3.66891e+76
1719,3.67318e+76
1720,3.67746e+76
1721,3.68174e+76
1722,3.68602e+76
1723,3.6903e+76
1724,3.69458e+76
1725,3.69887e+76
1726,3.70316e+76
1727,3.70745e+76
1728,3.71175e+76
1729,3.71604e+76
1730,3.72034e+76
1731,3.72465e+76
1732,3.72895e+76
1733,3.73326e+76
1734,3.73757e+76
1735,3.74188e+76
1736,3.74619e+76
1737,3.75051e+76
1738,3.75483e+76
1739,3.75915e+76
1740,3.76348e+76
1741,3.76781e+76
1742,3.77213e+76
1743,3.77647e+76
1744,3.7808e+76
1745,3.78514e+76
1746,3.78948e+76
1747,3.79382e+76
1748,3.79816e+76
1749,3.80251e+76
1750,3.80686e+76
1751,3.81121e+76
1752,3.81557e+76
1753,3.81992e+76
1754,3.82428e+76
1755,3.82865e+76
1756,3.83301e+76
1757,3.83738e+76
1758,3.84175e+76
1759,3.84612e+76
1760,3.85049e+76
1761,3.85487e+76
1762,3.85925e+76
1763,3.86363e+76
1764,3.86801e+76
1765,3.8724e+76
1766,3.87679e+76
1767,3.88118e+76
1768,3.88558e+76
1769,3.88997e+76
1770,3.89437e+76
1771,3.89877e+76
1772,3.90318e+76
1773,3.90758e+76
1774,3.91199e+76
1775,3.9164e+76
1776,3.92082e+76
1777,3.92524e+76
1778,3.92965e+76
1779,3.93408e+76
1780,3.9385e+76
1781,3.94293e+76
1782,3.94736e+76
1783,3.95179e+76
1784,3.95622e+76
1785,3.96066e+76
1786,3.9651e+76
1787,3.96954e+76
1788,3.97398e+76
1789,3.97843e+76
1790,3.98288e+76
1791,3.98733e+76
1792,3.99178e+76
1793,3.99624e+76
1794,4.0007e+76
1795,4.00516e+76
1796,4.00962e+76
1797,4.01409e+76
1798,4.01856e+76
1799,4.02303e+76
1800,4.0275e+76
1801,4.03198e+76
1802,4.03646e+76
1803,4.04094e+76
1804,4.04542e+76
1805,4.04991e+76
1806,4.0544e+76
1807,4.05889e+76
1808,4.06338e+76
1809,4.06788e+76
1810,4.07238e+76
1811,4.07688e+76
1812,4.08138e+76
1813,4.08589e+76
1814,4.0904e+76
1815,4.09491e+76
1816,4.09942e+76
1817,4.10394e+76
1818,4.10846e+76
1819,4.11298e+76
1820,4.1175e+76
1821,4.12203e+76
1822,4.12655e+76
1823,4.13109e+76
1824,4.13562e+76
1825,4.14016e+76
1826,4.14469e+76
1827,4.14923e+76
1828,4.15378e+76
1829,4.15832e+76
1830,4.16287e+76
1831,4.16742e+76
1832,4.17198e+76
1833,4.17653e+76
1834,4.18109e+76
1835,4.18565e+76
1836,4.19021e+76
1837,4.19478e+76
1838,4.19935e+76
1839,4.20392e+76
1840,4.20849e+76
1841,4.21307e+76
1842,4.21765e+76
1843,4.22223e+76
1844,4.22681e+76
1845,4.2314e+76
1846,4.23598e+76
1847,4.24057e+76
1848,4.24517e+76
1849,4.24976e+76
1850,4.25436e+76
1851,4.25896e+76
1852,4.26356e+76
1853,4.26817e+76
1854,4.27278e+76
1855,4.27739e+76
1856,4.282e+76
1857,4.28662e+76
1858,4.29124e+76
1859,4.29586e+76
1860,4.30048e+76
1861,4.3051e+76
1862,4.30973e+76
1863,4.31436e+76
1864,4.31899e+76
1865,4.32363e+76
1866,4.32827e+76
1867,4.33291e+76
1868,4.33755e+76
1869,4.3422e+76
1870,4.34684e+76
1871,4.35149e+76
1872,4.35615e+76
1873,4.3608e+76
1874,4.36546e+76
1875,4.37012e+76
1876,4.37478e+76
1877,4.37945e+76
1878,4.38412e+76
1879,4.38879e+76
1880,4.39346e+76
1881,4.39813e+76
1882,4.40281e+76
1883,4.40749e+76
1884,4.41217e+76
1885,4.41686e+76
1886,4.42155e+76
1887,4.42624e+76
1888,4.43093e+76
1889,4.43562e+76
1890,4.44032e+76
1891,4.44502e+76
1892,4.44972e+76
1893,4.45443e+76
1894,4.45914e+76
1895,4.46385e+76
1896,4.46856e+76
1897,4.47327e+76
1898,4.47799e+76
1899,4.48271e+76
1900,4.48743e+76
1901,4.49216e+76
1902,4.49689e+76
1903,4.50162e+76
1904,4.50635e+76
1905,4.51108e+76
1906,4.51582e+76
1907,4.52056e+76
1908,4.5253e+76
1909,4.53005e+76
1910,4.53479e+76
1911,4.53954e+76
1912,4.5443e+76
1913,4.54905e+76
1914,4.55381e+76
1915,4.55857e+76
1916,4.56333e+76
1917,4.56809e+76
1918,4.57286e+76
1919,4.57763e+76
1920,4.5824e+76
1921,4.58718e+76
1922,4.59196e+76
1923,4.59673e+76
1924,4.60152e+76
1925,4.6063e+76
1926,4.61109e+76
1927,4.61588e+76
1928,4.62067e+76
1929,4.62546e+76
1930,4.63026e+76
1931,4.63506e+76
1932,4.63986e+76
1933,4.64467e+76
1934,4.64947e+76
1935,4.65428e+76
1936,4.6591e+76
1937,4.66391e+76
1938,4.66873e+76
1939,4.67355e+76
1940,4.67837e+76
1941,4.68319e+76
1942,4.68802e+76
1943,4.69285e+76
1944,4.69768e+76
1945,4.70251e+76
1946,4.70735e+76
1947,4.71219e+76
1948,4.71703e+76
1949,4.72188e+76
1950,4.72672e+76
1951,4.73157e+76
1952,4.73642e+76
1953,4.74128e+76
1954,4.74613e+76
1955,4.75099e+76
1956,4.75585e+76
1957,4.76072e+76
1958,4.76559e+76
1959,4.77045e+76
1960,4.77533e+76
1961,4.7802e+76
1962,4.78508e+76
1963,4.78996e+76
1964,4.79484e+76
1965,4.79972e+76
1966,4.80461e+76
1967,4.8095e+76
1968,4.81439e+76
1969,4.81928e+76
1970,4.82418e+76
1971,4.82908e+76
1972,4.83398e+76
1973,4.83888e+76
1974,4.84379e+76
1975,4.8487e+76
1976,4.85361e+76
1977,4.85852e+76
1978,4.86344e+76
1979,4.86836e+76
1980,4.87328e+76
1981,4.8782e+76
1982,4.88313e+76
1983,4.88806e+76
1984,4.89299e+76
1985,4.89792e+76
1986,4.90286e+76
1987,4.9078e+76
1988,4.91274e+76
1989,4.91768e+76
1990,4.92263e+76
1991,4.92758e+76
1992,4.93253e+76
1993,4.93748e+76
1994,4.94244e+76
1995,4.9474e+76
1996,4.95236e+76
1997,4.95732e+76
1998,4.96229e+76
1999,4.96726e+76
2000,4.97223e+76
2001,4.9772e+76
2002,4.98218e+76
2003,4.98715e+76
2004,4.99213e+76
2005,4.99712e+76
2006,5.0021e+76
2007,5.00709e+76
2008,5.01208e+76
2009,5.01708e+76
2010,5.02207e+76
2011,5.02707e+76
2012,5.03207e+76
2013,5.03708e+76
2014,5.04208e+76
2015,5.04709e+76
2016,5.0521e+76
2017,5.05711e+76
2018,5.06213e+76
2019,5.06715e+76
2020,5.07217e+76
2021,5.07719e+76
2022,5.08222e+76
2023,5.08724e+76
2024,5.09228e+76
2025,5.09731e+76
2026,5.10234e+76
2027,5.10738e+76
2028,5.11242e+76
2029,5.11747e+76
2030,5.12251e+76
2031,5.12756e+76
2032,5.13261e+76
2033,5.13766e+76
2034,5.14272e+76
2035,5.14778e+76
2036,5.15284e+76
2037,5.1579e+76
2038,5.16297e+76
2039,5.16803e+76
2040,5.1731e+76
2041,5.17818e+76
2042,5.18325e+76
2043,5.18833e+76
2044,5.19341e+76
2045,5.19849e+76
2046,5.20358e+76
2047,5.20867e+76
2048,5.21376e+76
2049,5.21885e+76
2050,5.22395e+76
2051,5.22904e+76
2052,5.23414e+76
2053,5.23925e+76
2054,5.24435e+76
2055,5.24946e+76
2056,5.25457e+76
2057,5.25968e+76
2058,5.2648e+76
2059,5.26991e+76
2060,5.27503e+76
2061,5.28016e+76
2062,5.28528e+76
2063,5.29041e+76
2064,5.29554e+76
2065,5.30067e+76
2066,5.30581e+76
2067,5.31095e+76
2068,5.31609e+76
2069,5.32123e+76
2070,5.32637e+76
2071,5.33152e+76
2072,5.33667e+76
2073,5.34182e+76
2074,5.34698e+76
2075,5.35214e+76
2076,5.3573e+76
2077,5.36246e+76
2078,5.36762e+76
2079,5.37279e+76
2080,5.37796e+76
2081,5.38313e+76
2082,5.38831e+76
2083,5.39348e+76
2084,5.39866e+76
2085,5.40385e+76
2086,5.40903e+76
2087,5.41422e+76
2088,5.41941e+76
2089,5.4246e+76
2090,5.4298e+76
2091,5.43499e+76
2092,5.44019e+76
2093,5.44539e+76
2094,5.4506e+76
2095,5.45581e+76
2096,5.46102e+76
2097,5.46623e+76
2098,5.47144e+76
2099,5.47666e+76
2100,5.48188e+76
2101,5.4871e+76
2102,5.49233e+76
2103,5.49755e+76
2104,5.50278e+76
2105,5.50801e+76
2106,5.51325e+76
2107,5.51849e+76
2108,5.52373e+76
2109,5.52897e+76
2110,5.53421e+76
2111,5.53946e+76
2112,5.54471e+76
2113,5.54996e+76
2114,5.55521e+76
2115,5.56047e+76
2116,5.56573e+76
2117,5.57099e+76
2118,5.57626e+76
2119,5.58152e+76
2120,5.58679e+76
2121,5.59207e+76
2122,5.59734e+76
2123,5.60262e+76
2124,5.6079e+76
2125,5.61318e+76
2126,5.61846e+76
2127,5.62375e+76
2128,5.62904e+76
2129,5.63433e+76
2130,5.63962e+76
2131,5.64492e+76
2132,5.65022e+76
2133,5.65552e+76
2134,5.66082e+76
2135,5.66613e+76
2136,5.67144e+76
2137,5.67675e+76
2138,5.68207e+76
2139,5.68738e+76
2140,5.6927e+76
2141,5.69802e+76
2142,5.70335e+76
2143,5.70867e+76
2144,5.714e+76
2145,5.71933e+76
2146,5.72467e+76
2147,5.73e+76
2148,5.73534e+76
2149,5.74068e+76
2150,5.74603e+76
2151,5.75138e+76
2152,5.75672e+76
2153,5.76208e+76
2154,5.76743e+76
2155,5.77279e+76
2156,5.77814e+76
2157,5.78351e+76
2158,5.78887e+76
2159,5.79424e+76
2160,5.7996e+76
2161,5.80498e+76
2162,5.81035e+76
2163,5.81573e+76
2164,5.8211e+76
2165,5.82649e+76
2166,5.83187e+76
2167,5.83726e+76
2168,5.84264e+76
2169,5.84804e+76
2170,5.85343e+76
2171,5.85883e+76
2172,5.86422e+76
2173,5.86962e+76
2174,5.87503e+76
2175,5.88043e+76
2176,5.88584e+76
2177,5.89125e+76
2178,5.89667e+76
2179,5.90208e+76
2180,5.9075e+76
2181,5.91292e+76
2182,5.91835e+76
2183,5.92377e+76
2184,5.9292e+76
2185,5.93463e+76
2186,5.94006e+76
2187,5.9455e+76
2188,5.95094e+76
2189,5.95638e+76
2190,5.96182e+76
2191,5.96727e+76
2192,5.97272e+76
2193,5.97817e+76
2194,5.98362e+76
2195,5.98908e+76
2196,5.99454e+76
2197,6e+76
2198,6.00546e+76
2199,6.01093e+76
2200,6.01639e+76
2201,6.02186e+76
2202,6.02734e+76
2203,6.03281e+76
2204,6.03829e+76
2205,6.04377e+76
2206,6.04926e+76
2207,6.05474e+76
2208,6.06023e+76
2209,6.06572e+76
2210,6.07121e+76
2211,6.07671e+76
2212,6.08221e+76
2213,6.08771e+76
2214,6.09321e+76
2215,6.09872e+76
2216,6.10422e+76
2217,6.10973e+76
2218,6.11525e+76
2219,6.12076e+76
2220,6.12628e+76
2221,6.1318e+76
2222,6.13732e+76
2223,6.14285e+76
2224,6.14838e+76
2225,6.15391e+76
2226,6.15944e+76
2227,6.16497e+76
2228,6.17051e+76
2229,6.17605e+76
2230,6.1816e+76
2231,6.18714e+76
2232,6.19269e+76
2233,6.19824e+76
2234,6.20379e+76
2235,6.20935e+76
2236,6.2149e+76
2237,6.22046e+76
2238,6.22603e+76
2239,6.23159e+76
2240,6.23716e+76
2241,6.24273e+76
2242,6.2483e+76
2243,6.25388e+76
2244,6.25946e+76
2245,6.26504e+76
2246,6.27062e+76
2247,6.2762e+76
2248,6.28179e+76
2249,6.28738e+76
2250,6.29297e+76
2251,6.29857e+76
2252,6.30417e+76
2253,6.30977e+76
2254,6.31537e+76
2255,6.32097e+76
2256,6.32658e+76
2257,6.33219e+76
2258,6.3378e+76
2259,6.34342e+76
2260,6.34904e+76
2261,6.35466e+76
2262,6.36028e+76
2263,6.3659e+76
2264,6.37153e+76
2265,6.37716e+76
2266,6.38279e+76
2267,6.38843e+76
2268,6.39406e+76
2269,6.3997e+76
2270,6.40535e+76
2271,6.41099e+76
2272,6.41664e+76
2273,6.42229e+76
2274,6.42794e+76
2275,6.43359e+76
2276,6.43925e+76
2277,6.44491e+76
2278,6.45057e+76
2279,6.45624e+76
2280,6.46191e+76
2281,6.46757e+76
2282,6.47325e+76
2283,6.47892e+76
2284,6.4846e+76
2285,6.49028e+76
2286,6.49596e+76
2287,6.50164e+76
2288,6.50733e+76
2289,6.51302e+76
2290,6.51871e+76
2291,6.52441e+76
2292,6.5301e+76
2293,6.5358e+76
2294,6.54151e+76
2295,6.54721e+76
2296,6.55292e+76
2297,6.55863e+76
2298,6.56434e+76
2299,6.57005e+76
2300,6.57577e+76
2301,6.58149e+76
2302,6.58721e+76
2303,6.59293e+76
2304,6.59866e+76
2305,6.60439e+76
2306,6.61012e+76
2307,6.61586e+76
2308,6.62159e+76
2309,6.62733e+76
2310,6.63307e+76
2311,6.63882e+76
2312,6.64456e+76
2313,6.65031e+76
2314,6.65607e+76
2315,6.66182e+76
2316,6.66758e+76
2317,6.67334e+76
2318,6.6791e+76
2319,6.68486e+76
2320,6.69063e+76
2321,6.6964e+76
2322,6.70217e+76
2323,6.70794e+76
2324,6.71372e+76
2325,6.7195e+76
2326,6.72528e+76
2327,6.73106e+76
2328,6.73685e+76
2329,6.74264e+76
2330,6.74843e+76
2331,6.75422e+76
2332,6.76002e+76
2333,6.76582e+76
2334,6.77162e+76
2335,6.77742e+76
2336,6.78323e+76
2337,6.78904e+76
2338,6.79485e+76
2339,6.80066e+76
2340,6.80648e+76
2341,6.8123e+76
2342,6.81812e+76
2343,6.82394e+76
2344,6.82977e+76
2345,6.8356e+76
2346,6.84143e+76
2347,6.84726e+76
2348,6.8531e+76
2349,6.85894e+76
2350,6.86478e+76
2351,6.87062e+76
2352,6.87647e+76
2353,6.88232e+76
2354,6.88817e+76
2355,6.89402e+76
2356,6.89988e+76
2357,6.90574e+76
2358,6.9116e+76
2359,6.91746e+76
2360,6.92333e+76
2361,6.9292e+76
2362,6.93507e+76
2363,6.94094e+76
2364,6.94682e+76
2365,6.95269e+76
2366,6.95858e+76
2367,6.96446e+76
2368,6.97035e+76
2369,6.97623e+76
2370,6.98212e+76
2371,6.98802e+76
2372,6.99391e+76
2373,6.99981e+76
2374,7.00571e+76
2375,7.01162e+76
2376,7.01752e+76
2377,7.02343e+76
2378,7.02934e+76
2379,7.03525e+76
2380,7.04117e+76
2381,7.04709e+76
2382,7.05301e+76
2383,7.05893e+76
2384,7.06486e+76
2385,7.07079e+76
2386,7.07672e+76
2387,7.08265e+76
2388,7.08858e+76
2389,7.09452e+76
2390,7.10046e+76
2391,7.10641e+76
2392,7.11235e+76
2393,7.1183e+76
2394,7.12425e+76
2395,7.1302e+76
2396,7.13616e+76
2397,7.14212e+76
2398,7.14808e+76
2399,7.15404e+76
2400,7.16001e+76
2401,7.16597e+76
2402,7.17194e+76
2403,7.17792e+76
2404,7.18389e+76
2405,7.18987e+76
2406,7.19585e+76
2407,7.20183e+76
2408,7.20782e+76
2409,7.21381e+76
2410,7.2198e+76
2411,7.22579e+76
2412,7.23178e+76
2413,7.23778e+76
2414,7.24378e+76
2415,7.24979e+76
2416,7.25579e+76
2417,7.2618e+76
2418,7.26781e+76
2419,7.27382e+76
2420,7.27984e+76
2421,7.28585e+76
2422,7.29187e+76
2423,7.2979e+76
2424,7.30392e+76
2425,7.30995e+76
2426,7.31598e+76
2427,7.32201e+76
2428,7.32805e+76
2429,7.33408e+76
2430,7.34012e+76
2431,7.34617e+76
2432,7.35221e+76
2433,7.35826e+76
2434,7.36431e+76
2435,7.37036e+76
2436,7.37642e+76
2437,7.38247e+76
2438,7.38853e+76
2439,7.3946e+76
2440,7.40066e+76
2441,7.40673e+76
2442,7.4128e+76
2443,7.41887e+76
2444,7.42495e+76
2445,7.43102e+76
2446,7.4371e+76
2447,7.44319e+76
2448,7.44927e+76
2449,7.45536e+76
2450,7.46145e+76
2451,7.46754e+76
2452,7.47363e+76
2453,7.47973e+76
2454,7.48583e+76
2455,7.49193e+76
2456,7.49804e+76
2457,7.50414e+76
2458,7.51025e+76
2459,7.51637e+76
2460,7.52248e+76
2461,7.5286e+76
2462,7.53472e+76
2463,7.54084e+76
2464,7.54696e+76
2465,7.55309e+76
2466,7.55922e+76
2467,7.56535e+76
2468,7.57149e+76
2469,7.57762e+76
2470,7.58376e+76
2471,7.58991e+76
2472,7.59605e+76
2473,7.6022e+76
2474,7.60835e+76
2475,7.6145e+76
2476,7.62065e+76
2477,7.62681e+76
2478,7.63297e+76
2479,7.63913e+76
2480,7.64529e+76
2481,7.65146e+76
2482,7.65763e+76
2483,7.6638e+76
2484,7.66998e+76
2485,7.67615e+76
2486,7.68233e+76
2487,7.68851e+76
2488,7.6947e+76
2489,7.70089e+76
2490,7.70707e+76
2491,7.71327e+76
2492,7.71946e+76
2493,7.72566e+76
2494,7.73186e+76
2495,7.73806e+76
2496,7.74426e+76
2497,7.75047e+76
2498,7.75668e+76
2499,7.76289e+76
2500,7.7691e+76
2501,7.77532e+76
2502,7.78154e+76
2503,7.78776e+76
2504,7.79398e+76
2505,7.80021e+76
2506,7.80644e+76
2507,7.81267e+76
2508,7.81891e+76
2509,7.82514e+76
2510,7.83138e+76
2511,7.83762e+76
2512,7.84387e+76
2513,7.85011e+76
2514,7.85636e+76
2515,7.86261e+76
2516,7.86887e+76
2517,7.87512e+76
2518,7.88138e+76
2519,7.88764e+76
2520,7.89391e+76
2521,7.90017e+76
2522,7.90644e+76
2523,7.91271e+76
2524,7.91899e+76
2525,7.92526e+76
2526,7.93154e+76
2527,7.93782e+76
2528,7.94411e+76
2529,7.95039e+76
2530,7.95668e+76
2531,7.96297e+76
2532,7.96927e+76
2533,7.97556e+76
2534,7.98186e+76
2535,7.98816e+76
2536,7.99446e+76
2537,8.00077e+76
2538,8.00708e+76
2539,8.01339e+76
2540,8.0197e+76
2541,8.02602e+76
2542,8.03234e+76
2543,8.03866e+76
2544,8.04498e+76
2545,8.05131e+76
2546,8.05764e+76
2547,8.06397e+76
2548,8.0703e+76
2549,8.07664e+76
2550,8.08298e+76
2551,8.08932e+76
2552,8.09566e+76
2553,8.10201e+76
2554,8.10835e+76
2555,8.1147e+76
2556,8.12106e+76
2557,8.12741e+76
2558,8.13377e+76
2559,8.14013e+76
2560,8.1465e+76
2561,8.15286e+76
2562,8.15923e+76
2563,8.1656e+76
2564,8.17197e+76
2565,8.17835e+76
2566,8.18473e+76
2567,8.19111e+76
2568,8.19749e+76
2569,8.20388e+76
2570,8.21026e+76
2571,8.21665e+76
2572,8.22305e+76
2573,8.22944e+76
2574,8.23584e+76
2575,8.24224e+76
2576,8.24864e+76
2577,8.25505e+76
2578,8.26146e+76
2579,8.26787e+76
2580,8.27428e+76
2581,8.2807e+76
2582,8.28711e+76
2583,8.29354e+76
2584,8.29996e+76
2585,8.30638e+76
2586,8.31281e+76
2587,8.31924e+76
2588,8.32567e+76
2589,8.33211e+76
2590,8.33855e+76
2591,8.34499e+76
2592,8.35143e+76
2593,8.35788e+76
2594,8.36432e+76
2595,8.37077e+76
2596,8.37723e+76
2597,8.38368e+76
2598,8.39014e+76
2599,8.3966e+76
2600,8.40306e+76
2601,8.40953e+76
2602,8.41599e+76
2603,8.42247e+76
2604,8.42894e+76
2605,8.43541e+76
2606,8.44189e+76
2607,8.44837e+76
2608,8.45485e+76
2609,8.46134e+76
2610,8.46783e+76
2611,8.47432e+76
2612,8.48081e+76
2613,8.4873e+76
2614,8.4938e+76
2615,8.5003e+76
2616,8.5068e+76
2617,8.51331e+76
2618,8.51982e+76
2619,8.52632e+76
2620,8.53284e+76
2621,8.53935e+76
2622,8.54587e+76
2623,8.55239e+76
2624,8.55891e+76
2625,8.56544e+76
2626,8.57196e+76
2627,8.57849e+76
2628,8.58503e+76
2629,8.59156e+76
2630,8.5981e+76
2631,8.60464e+76
2632,8.61118e+76
2633,8.61772e+76
2634,8.62427e+76
2635,8.63082e+76
2636,8.63737e+76
2637,8.64393e+76
2638,8.65049e+76
2639,8.65704e+76
2640,8.66361e+76
2641,8.67017e+76
2642,8.67674e+76
2643,8.68331e+76
2644,8.68988e+76
2645,8.69645e+76
2646,8.70303e+76
2647,8.70961e+76
2648,8.71619e+76
2649,8.72278e+76
2650,8.72936e+76
2651,8.73595e+76
2652,8.74255e+76
2653,8.74914e+76
2654,8.75574e+76
2655,8.76234e+76
2656,8.76894e+76
2657,8.77554e+76
2658,8.78215e+76
2659,8.78876e+76
2660,8.79537e+76
2661,8.80199e+76
2662,8.8086e+76
2663,8.81522e+76
2664,8.82184e+76
2665,8.82847e+76
2666,8.83509e+76
2667,8.84172e+76
2668,8.84835e+76
2669,8.85499e+76
2670,8.86163e+76
2671,8.86826e+76
2672,8.87491e+76
2673,8.88155e+76
2674,8.8882e+76
2675,8.89485e+76
2676,8.9015e+76
2677,8.90815e+76
2678,8.91481e+76
2679,8.92147e+76
2680,8.92813e+76
2681,8.93479e+76
2682,8.94146e+76
2683,8.94813e+76
2684,8.9548e+76
2685,8.96147e+76
2686,8.96815e+76
2687,8.97483e+76
2688,8.98151e+76
2689,8.98819e+76
2690,8.99488e+76
2691,9.00157e+76
2692,9.00826e+76
2693,9.01496e+76
2694,9.02165e+76
2695,9.02835e+76
2696,9.03505e+76
2697,9.04176e+76
2698,9.04846e+76
2699,9.05517e+76
2700,9.06188e+76
2701,9.0686e+76
2702,9.07531e+76
2703,9.08203e+76
2704,9.08875e+76
2705,9.09548e+76
2706,9.1022e+76
2707,9.10893e+76
2708,9.11566e+76
2709,9.1224e+76
2710,9.12913e+76
2711,9.13587e+76
2712,9.14261e+76
2713,9.14935e+76
2714,9.1561e+76
2715,9.16285e+76
2716,9.1696e+76
2717,9.17635e+76
2718,9.18311e+76
2719,9.18987e+76
2720,9.19663e+76
2721,9.20339e+76
2722,9.21016e+76
2723,9.21693e+76
2724,9.2237e+76
2725,9.23047e+76
2726,9.23725e+76
2727,9.24403e+76
2728,9.25081e+76
2729,9.25759e+76
2730,9.26438e+76
2731,9.27116e+76
2732,9.27796e+76
2733,9.28475e+76
2734,9.29154e+76
2735,9.29834e+76
2736,9.30514e+76
2737,9.31195e+76
2738,9.31875e+76
2739,9.32556e+76
2740,9.33237e+76
2741,9.33918e+76
2742,9.346e+76
2743,9.35282e+76
2744,9.35964e+76
2745,9.36646e+76
2746,9.37329e+76
2747,9.38012e+76
2748,9.38695e+76
2749,9.39378e+76
2750,9.40062e+76
2751,9.40745e+76
2752,9.41429e+76
2753,9.42114e+76
2754,9.42798e+76
2755,9.43483e+76
2756,9.44168e+76
2757,9.44853e+76
2758,9.45539e+76
2759,9.46225e+76
2760,9.46911e+76
2761,9.47597e+76
2762,9.48284e+76
2763,9.4897e+76
2764,9.49657e+76
2765,9.50345e+76
2766,9.51032e+76
2767,9.5172e+76
2768,9.52408e+76
2769,9.53096e+76
2770,9.53785e+76
2771,9.54474e+76
2772,9.55163e+76
2773,9.55852e+76
2774,9.56541e+76
2775,9.57231e+76
2776,9.57921e+76
2777,9.58612e+76
2778,9.59302e+76
2779,9.59993e+76
2780,9.60684e+76
2781,9.61375e+76
2782,9.62067e+76
2783,9.62758e+76
2784,9.6345e+76
2785,9.64143e+76
2786,9.64835e+76
2787,9.65528e+76
2788,9.66221e+76
2789,9.66914e+76
2790,9.67608e+76
2791,9.68301e+76
2792,9.68995e+76
2793,9.6969e+76
2794,9.70384e+76
2795,9.71079e+76
2796,9.71774e+76
2797,9.72469e+76
2798,9.73165e+76
2799,9.7386e+76
2800,9.74556e+76
2801,9.75253e+76
2802,9.75949e+76
2803,9.76646e+76
2804,9.77343e+76
2805,9.7804e+76
2806,9.78737e+76
2807,9.79435e+76
2808,9.80133e+76
2809,9.80831e+76
2810,9.8153e+76
2811,9.82229e+76
2812,9.82928e+76
2813,9.83627e+76
2814,9.84326e+76
2815,9.85026e+76
2816,9.85726e+76
2817,9.86426e+76
2818,9.87127e+76
2819,9.87827e+76
2820,9.88528e+76
2821,9.89229e+76
2822,9.89931e+76
2823,9.90633e+76
2824,9.91335e+76
2825,9.92037e+76
2826,9.92739e+76
2827,9.93442e+76
2828,9.94145e+76
2829,9.94848e+76
2830,9.95552e+76
2831,9.96255e+76
2832,9.96959e+76
2833,9.97663e+76
2834,9.98368e+76
2835,9.99073e+76
2836,9.99777e+76
2837,1.00048e+77
2838,1.00119e+77
2839,1.00189e+77
2840,1.0026e+77
2841,1.00331e+77
2842,1.00401e+77
2843,1.00472e+77
2844,1.00543e+77
2845,1.00613e+77
2846,1.00684e+77
2847,1.00755e+77
2848,1.00826e+77
2849,1.00896e+77
2850,1.00967e+77
2851,1.01038e+77
2852,1.01109e+77
2853,1.0118e+77
2854,1.01251e+77
2855,1.01322e+77
2856,1.01393e+77
2857,1.01464e+77
2858,1.01535e+77
2859,1.01606e+77
2860,1.01677e+77
2861,1.01748e+77
2862,1.01819e+77
2863,1.0189e+77
2864,1.01962e+77
2865,1.02033e+77
2866,1.02104e+77
2867,1.02175e+77
2868,1.02247e+77
2869,1.02318e+77
2870,1.02389e+77
2871,1.02461e+77
2872,1.02532e+77
2873,1.02603e+77
2874,1.02675e+77
2875,1.02746e+77
2876,1.02818e+77
2877,1.02889e+77
2878,1.02961e+77
2879,1.03032e+77
2880,1.03104e+77
2881,1.03176e+77
2882,1.03247e+77
2883,1.03319e+77
2884,1.03391e+77
2885,1.03462e+77
2886,1.03534e+77
2887,1.03606e+77
2888,1.03678e+77
2889,1.03749e+77
2890,1.03821e+77
2891,1.03893e+77
2892,1.03965e+77
2893,1.04037e+77
2894,1.04109e+77
2895,1.04181e+77
2896,1.04253e+77
2897,1.04325e+77
2898,1.04397e+77
2899,1.04469e+77
2900,1.04541e+77
2901,1.04613e+77
2902,1.04685e+77
2903,1.04757e+77
2904,1.0483e+77
2905,1.04902e+77
2906,1.04974e+77
2907,1.05046e+77
2908,1.05119e+77
2909,1.05191e+77
2910,1.05263e+77
2911,1.05336e+77
2912,1.05408e+77
2913,1.0548e+77
2914,1.05553e+77
2915,1.05625e+77
2916,1.05698e+77
2917,1.0577e+77
2918,1.05843e+77
2919,1.05915e+77
2920,1.05988e+77
2921,1.06061e+77
2922,1.06133e+77
2923,1.06206e+77
2924,1.06279e+77
2925,1.06351e+77
2926,1.06424e+77
2927,1.06497e+77
2928,1.0657e+77
2929,1.06642e+77
2930,1.06715e+77
2931,1.06788e+77
2932,1.06861e+77
2933,1.06934e+77
2934,1.07007e+77
2935,1.0708e+77
2936,1.07153e+77
2937,1.07226e+77
2938,1.07299e+77
2939,1.07372e+77
2940,1.07445e+77
2941,1.07518e+77
2942,1.07591e+77
2943,1.07664e+77
2944,1.07737e+77
2945,1.07811e+77
2946,1.07884e+77
2947,1.07957e+77
2948,1.0803e+77
2949,1.08104e+77
2950,1.08177e+77
2951,1.0825e+77
2952,1.08324e+77
2953,1.08397e+77
2954,1.08471e+77
2955,1.08544e+77
2956,1.08617e+77
2957,1.08691e+77
2958,1.08765e+77
2959,1.08838e+77
2960,1.08912e+77
2961,1.08985e+77
2962,1.09059e+77
2963,1.09133e+77
2964,1.09206e+77
2965,1.0928e+77
2966,1.09354e+77
2967,1.09427e+77
2968,1.09501e+77
2969,1.09575e+77
2970,1.09649e+77
2971,1.09723e+77
2972,1.09796e+77
2973,1.0987e+77
2974,1.09944e+77
2975,1.10018e+77
2976,1.10092e+77